<?xml version="1.0" encoding="UTF-8"?>
<project-private xmlns="http://www.netbeans.org/ns/project-private/1">
    <editor-bookmarks xmlns="http://www.netbeans.org/ns/editor-bookmarks/2" lastBookmarkId="0"/>
    <open-files xmlns="http://www.netbeans.org/ns/projectui-open-files/2">
        <group>
            <file>file:/C:/Users/gotoole/Documents/Microchip/PIC24/XC/PIC24F16KM202/DULPSM_UART_DSDK_2016.X/main.c</file>
            <file>file:/C:/Users/gotoole/Documents/Microchip/PIC24/XC/PIC24F16KM202/DULPSM_UART_DSDK_2016.X/ADC.c</file>
            <file>file:/C:/Users/gotoole/Documents/Microchip/PIC24/XC/PIC24F16KM202/DULPSM_UART_DSDK_2016.X/PPB.c</file>
        </group>
    </open-files>
</project-private>
